id,character_id,user_id,event_type,data,created_at,updated_at
debe48c2-1f06-47a1-b681-85d271a4a360,8c054f20-4a77-4eef-83e6-245d3456bdf1,c7cb5b5c-e469-586e-8e87-001419048544,memory,"[{""type"": ""personal_info"", ""category"": ""name"", ""content"": ""\u0418\u043c\u044f \u043f\u043e\u043b\u044c\u0437\u043e\u0432\u0430\u0442\u0435\u043b\u044f: \u0430\u0439\u0434\u0430\u0440"", ""importance"": 9, ""timestamp"": ""2025-04-16T16:22:11.646143"", ""id"": 1}]",2025-04-16 16:22:11.652415+00,2025-04-16 16:22:11.652415+00
9ed3f028-b1b3-452a-9299-5ad33802a439,6d6f5a7e-8a2b-4503-9473-870ccf07d4ce,c7cb5b5c-e469-586e-8e87-001419048544,memory,"[{""type"": ""personal_info"", ""category"": ""name"", ""content"": ""\u0418\u043c\u044f \u043f\u043e\u043b\u044c\u0437\u043e\u0432\u0430\u0442\u0435\u043b\u044f: \u0430\u0439\u0434\u0430\u0440"", ""importance"": 9, ""timestamp"": ""2025-04-16T16:34:54.090349"", ""id"": 1}]",2025-04-16 16:34:54.100653+00,2025-04-16 16:34:54.100653+00
f7227818-62d0-4780-9214-30712e02f22e,8c054f20-4a77-4eef-83e6-245d3456bdf1,c7cb5b5c-e469-586e-8e87-001419048544,memory,"[{""type"": ""personal_info"", ""category"": ""name"", ""content"": ""\u0418\u043c\u044f \u043f\u043e\u043b\u044c\u0437\u043e\u0432\u0430\u0442\u0435\u043b\u044f: \u0430\u0439\u0434\u0430\u0440"", ""importance"": 9, ""timestamp"": ""2025-04-16T16:39:47.692720"", ""id"": 2}, {""type"": ""personal_info"", ""category"": ""general"", ""content"": ""\u0442\u0435\u0441\u0442"", ""importance"": 5, ""timestamp"": ""2025-04-16T16:39:47.691779"", ""id"": 1}]",2025-04-16 16:39:47.700909+00,2025-04-16 16:39:47.700909+00
6f2d3697-7e6c-41db-be73-2ee30bbf0599,8c054f20-4a77-4eef-83e6-245d3456bdf1,c7cb5b5c-e469-586e-8e87-001419048544,memory,"[{""type"": ""personal_info"", ""category"": ""name"", ""content"": ""\u0418\u043c\u044f \u043f\u043e\u043b\u044c\u0437\u043e\u0432\u0430\u0442\u0435\u043b\u044f: \u0430\u0439\u0434\u0430\u0440"", ""importance"": 9, ""timestamp"": ""2025-04-16T16:45:50.033867"", ""id"": 2}, {""type"": ""personal_info"", ""category"": ""general"", ""content"": ""\u0442\u0435\u0441\u0442"", ""importance"": 5, ""timestamp"": ""2025-04-16T16:45:50.025974"", ""id"": 1}]",2025-04-16 16:45:50.041837+00,2025-04-16 16:45:50.041837+00
a3d42c42-8c45-4f93-98cf-c5b73da47085,8c054f20-4a77-4eef-83e6-245d3456bdf1,c7cb5b5c-e469-586e-8e87-001419048544,memory,"[{""type"": ""personal_info"", ""category"": ""name"", ""content"": ""\u0418\u043c\u044f \u043f\u043e\u043b\u044c\u0437\u043e\u0432\u0430\u0442\u0435\u043b\u044f: \u0430\u0439\u0434\u0430\u0440"", ""importance"": 9, ""timestamp"": ""2025-04-16T16:48:59.305556"", ""id"": 2}, {""type"": ""personal_info"", ""category"": ""general"", ""content"": ""\u0442\u0435\u0441\u0442"", ""importance"": 5, ""timestamp"": ""2025-04-16T16:48:59.298460"", ""id"": 1}]",2025-04-16 16:48:59.312791+00,2025-04-16 16:48:59.312791+00
2be31e31-f999-402a-9562-23c07a855de3,8c054f20-4a77-4eef-83e6-245d3456bdf1,c7cb5b5c-e469-586e-8e87-001419048544,memory,"[{""type"": ""personal_info"", ""category"": ""name"", ""content"": ""\u0418\u043c\u044f \u043f\u043e\u043b\u044c\u0437\u043e\u0432\u0430\u0442\u0435\u043b\u044f: \u0430\u0439\u0434\u0430\u0440"", ""importance"": 9, ""timestamp"": ""2025-04-16T17:01:24.265824"", ""id"": 2}, {""type"": ""personal_info"", ""category"": ""general"", ""content"": ""\u0442\u0435\u0441\u0442"", ""importance"": 5, ""timestamp"": ""2025-04-16T17:01:24.257870"", ""id"": 1}]",2025-04-16 17:01:24.273508+00,2025-04-16 17:01:24.273508+00
e48c7442-6646-4466-8a33-8e13527bf8ab,6d6f5a7e-8a2b-4503-9473-870ccf07d4ce,c7cb5b5c-e469-586e-8e87-001419048544,memory,"[{""type"": ""personal_info"", ""category"": ""name"", ""content"": ""\u0418\u043c\u044f \u043f\u043e\u043b\u044c\u0437\u043e\u0432\u0430\u0442\u0435\u043b\u044f: \u0411\u0435\u043a\u0430"", ""importance"": 9, ""timestamp"": ""2025-04-19T02:41:33.343693"", ""id"": 2}, {""type"": ""personal_info"", ""category"": ""general"", ""content"": ""df"", ""importance"": 5, ""timestamp"": ""2025-04-19T02:41:33.342384"", ""id"": 1}]",2025-04-19 02:41:33.35266+00,2025-04-19 02:41:33.35266+00
c05e7062-9cf4-4e11-997c-acbd3430db2e,6d6f5a7e-8a2b-4503-9473-870ccf07d4ce,c7cb5b5c-e469-586e-8e87-001419048544,memory,"[{""type"": ""personal_info"", ""category"": ""name"", ""content"": ""\u0418\u043c\u044f \u043f\u043e\u043b\u044c\u0437\u043e\u0432\u0430\u0442\u0435\u043b\u044f: \u0410\u0439\u0434\u0430\u0445\u0430\u0440"", ""importance"": 9, ""timestamp"": ""2025-04-19T02:52:54.640751"", ""id"": 2}, {""type"": ""personal_info"", ""category"": ""general"", ""content"": ""df"", ""importance"": 5, ""timestamp"": ""2025-04-19T02:52:54.639965"", ""id"": 1}]",2025-04-19 02:52:54.647716+00,2025-04-19 02:52:54.647716+00
5f31ab61-021b-45e2-ac27-66c02055445f,6d6f5a7e-8a2b-4503-9473-870ccf07d4ce,c7cb5b5c-e469-586e-8e87-001419048544,memory,"[{""type"": ""personal_info"", ""category"": ""name"", ""content"": ""\u0418\u043c\u044f \u043f\u043e\u043b\u044c\u0437\u043e\u0432\u0430\u0442\u0435\u043b\u044f: \u0410\u0439\u0434\u0430\u0445\u0430\u0440"", ""importance"": 9, ""timestamp"": ""2025-04-19T02:59:38.315460"", ""id"": 2}, {""type"": ""personal_info"", ""category"": ""general"", ""content"": ""df"", ""importance"": 5, ""timestamp"": ""2025-04-19T02:59:38.309037"", ""id"": 1}]",2025-04-19 02:59:38.330211+00,2025-04-19 02:59:38.330211+00
d20119ff-7152-45ce-b9af-d25e1b692f04,6d6f5a7e-8a2b-4503-9473-870ccf07d4ce,c7cb5b5c-e469-586e-8e87-001419048544,memory,"[{""type"": ""personal_info"", ""category"": ""name"", ""content"": ""\u0418\u043c\u044f \u043f\u043e\u043b\u044c\u0437\u043e\u0432\u0430\u0442\u0435\u043b\u044f: \u0410\u0439\u0434\u0430\u0445\u0430\u0440"", ""importance"": 9, ""timestamp"": ""2025-04-19T04:09:52.520672"", ""id"": 2}, {""type"": ""personal_info"", ""category"": ""general"", ""content"": ""df"", ""importance"": 5, ""timestamp"": ""2025-04-19T04:09:52.513264"", ""id"": 1}]",2025-04-19 04:09:52.529483+00,2025-04-19 04:09:52.529483+00
6af01f37-e9d1-4443-995f-c0d5fd4a5473,8c054f20-4a77-4eef-83e6-245d3456bdf1,c7cb5b5c-e469-586e-8e87-001419048544,memory,"[{""type"": ""personal_info"", ""category"": ""name"", ""content"": ""\u0418\u043c\u044f \u043f\u043e\u043b\u044c\u0437\u043e\u0432\u0430\u0442\u0435\u043b\u044f: \u0410\u0439\u0434\u0430\u0445\u0430\u0440"", ""importance"": 9, ""timestamp"": ""2025-04-19T04:18:38.644808"", ""id"": 2}, {""type"": ""personal_info"", ""category"": ""general"", ""content"": ""\u0442\u0435\u0441\u0442 \u0430\u0434\u043c\u0438\u043d \u043f\u0430\u043d\u0435\u043b\u044c"", ""importance"": 5, ""timestamp"": ""2025-04-19T04:18:38.636005"", ""id"": 1}]",2025-04-19 04:18:38.65453+00,2025-04-19 04:18:38.65453+00
8066e3f5-8fd1-4ea9-a4ee-22cf71887a0b,c9af0e6c-e6f9-41d3-a1c1-f313b8a84de0,c7cb5b5c-e469-586e-8e87-001419048544,memory,"[{""type"": ""personal_info"", ""category"": ""name"", ""content"": ""\u0418\u043c\u044f \u043f\u043e\u043b\u044c\u0437\u043e\u0432\u0430\u0442\u0435\u043b\u044f: \u0410\u0439\u0434\u0430\u0445\u0430\u0440"", ""importance"": 9, ""timestamp"": ""2025-04-19T04:19:01.624927"", ""id"": 1}]",2025-04-19 04:19:01.632849+00,2025-04-19 04:19:01.632849+00
63e96180-d992-4183-969f-ee377e3ee70e,6d6f5a7e-8a2b-4503-9473-870ccf07d4ce,c7cb5b5c-e469-586e-8e87-001419048544,memory,"[{""type"": ""personal_info"", ""category"": ""name"", ""content"": ""\u0418\u043c\u044f \u043f\u043e\u043b\u044c\u0437\u043e\u0432\u0430\u0442\u0435\u043b\u044f: \u0410\u0439\u0434\u0430\u0445\u0430\u0440"", ""importance"": 9, ""timestamp"": ""2025-04-19T04:30:22.489169"", ""id"": 1}, {""type"": ""personal_info"", ""category"": ""name"", ""content"": ""\u0418\u043c\u044f \u043f\u043e\u043b\u044c\u0437\u043e\u0432\u0430\u0442\u0435\u043b\u044f: \u0411\u0435\u043a\u0430"", ""importance"": 9, ""timestamp"": ""2025-04-19T04:30:22.489790"", ""id"": 3}, {""type"": ""personal_info"", ""category"": ""name"", ""content"": ""\u0418\u043c\u044f \u043f\u043e\u043b\u044c\u0437\u043e\u0432\u0430\u0442\u0435\u043b\u044f: \u0430\u0439\u0434\u0430\u0440"", ""importance"": 9, ""timestamp"": ""2025-04-19T04:30:22.489907"", ""id"": 4}, {""type"": ""personal_info"", ""category"": ""general"", ""content"": ""df"", ""importance"": 5, ""timestamp"": ""2025-04-19T04:30:22.489539"", ""id"": 2}]",2025-04-19 04:30:22.519547+00,2025-04-19 04:30:22.519547+00
817edb12-0bde-46ab-af2a-2a2b5e8b479c,6d6f5a7e-8a2b-4503-9473-870ccf07d4ce,c7cb5b5c-e469-586e-8e87-001419048544,memory,"[{""type"": ""personal_info"", ""category"": ""name"", ""content"": ""\u0418\u043c\u044f \u043f\u043e\u043b\u044c\u0437\u043e\u0432\u0430\u0442\u0435\u043b\u044f: \u0410\u0439\u0434\u0430\u0445\u0430\u0440"", ""importance"": 9, ""timestamp"": ""2025-04-19T04:36:46.964746"", ""id"": 1}, {""type"": ""personal_info"", ""category"": ""name"", ""content"": ""\u0418\u043c\u044f \u043f\u043e\u043b\u044c\u0437\u043e\u0432\u0430\u0442\u0435\u043b\u044f: \u0411\u0435\u043a\u0430"", ""importance"": 9, ""timestamp"": ""2025-04-19T04:36:46.964946"", ""id"": 2}, {""type"": ""personal_info"", ""category"": ""name"", ""content"": ""\u0418\u043c\u044f \u043f\u043e\u043b\u044c\u0437\u043e\u0432\u0430\u0442\u0435\u043b\u044f: \u0430\u0439\u0434\u0430\u0440"", ""importance"": 9, ""timestamp"": ""2025-04-19T04:36:46.965035"", ""id"": 3}, {""type"": ""personal_info"", ""category"": ""general"", ""content"": ""df"", ""importance"": 5, ""timestamp"": ""2025-04-19T04:36:46.965104"", ""id"": 4}]",2025-04-19 04:36:46.994001+00,2025-04-19 04:36:46.994001+00
08e36c2d-648b-47fc-9309-98da63b03628,6d6f5a7e-8a2b-4503-9473-870ccf07d4ce,c7cb5b5c-e469-586e-8e87-001419048544,memory,"[{""type"": ""personal_info"", ""category"": ""name"", ""content"": ""\u0418\u043c\u044f \u043f\u043e\u043b\u044c\u0437\u043e\u0432\u0430\u0442\u0435\u043b\u044f: \u0410\u0439\u0434\u0430\u0445\u0430\u0440"", ""importance"": 9, ""timestamp"": ""2025-04-19T04:43:27.211072"", ""id"": 1}, {""type"": ""personal_info"", ""category"": ""name"", ""content"": ""\u0418\u043c\u044f \u043f\u043e\u043b\u044c\u0437\u043e\u0432\u0430\u0442\u0435\u043b\u044f: \u0411\u0435\u043a\u0430"", ""importance"": 9, ""timestamp"": ""2025-04-19T04:43:27.211228"", ""id"": 2}, {""type"": ""personal_info"", ""category"": ""name"", ""content"": ""\u0418\u043c\u044f \u043f\u043e\u043b\u044c\u0437\u043e\u0432\u0430\u0442\u0435\u043b\u044f: \u0430\u0439\u0434\u0430\u0440"", ""importance"": 9, ""timestamp"": ""2025-04-19T04:43:27.211325"", ""id"": 3}, {""type"": ""personal_info"", ""category"": ""general"", ""content"": ""df"", ""importance"": 5, ""timestamp"": ""2025-04-19T04:43:27.211403"", ""id"": 4}]",2025-04-19 04:43:27.231188+00,2025-04-19 04:43:27.231188+00
66145443-e3e0-40e8-b619-c9d314e9e659,6d6f5a7e-8a2b-4503-9473-870ccf07d4ce,c7cb5b5c-e469-586e-8e87-001419048544,memory,"[{""type"": ""personal_info"", ""category"": ""name"", ""content"": ""\u0418\u043c\u044f \u043f\u043e\u043b\u044c\u0437\u043e\u0432\u0430\u0442\u0435\u043b\u044f: \u0410\u0439\u0434\u0430\u0445\u0430\u0440"", ""importance"": 9, ""timestamp"": ""2025-04-19T05:42:30.620546"", ""id"": 1}, {""type"": ""personal_info"", ""category"": ""name"", ""content"": ""\u0418\u043c\u044f \u043f\u043e\u043b\u044c\u0437\u043e\u0432\u0430\u0442\u0435\u043b\u044f: \u0411\u0435\u043a\u0430"", ""importance"": 9, ""timestamp"": ""2025-04-19T05:42:30.620703"", ""id"": 2}, {""type"": ""personal_info"", ""category"": ""name"", ""content"": ""\u0418\u043c\u044f \u043f\u043e\u043b\u044c\u0437\u043e\u0432\u0430\u0442\u0435\u043b\u044f: \u0430\u0439\u0434\u0430\u0440"", ""importance"": 9, ""timestamp"": ""2025-04-19T05:42:30.620807"", ""id"": 3}, {""type"": ""personal_info"", ""category"": ""general"", ""content"": ""df"", ""importance"": 5, ""timestamp"": ""2025-04-19T05:42:30.620889"", ""id"": 4}]",2025-04-19 05:42:30.64503+00,2025-04-19 05:42:30.64503+00
7cad3056-ee7f-488f-b316-5c8c83d4b715,6d6f5a7e-8a2b-4503-9473-870ccf07d4ce,c7cb5b5c-e469-586e-8e87-001419048544,memory,"[{""type"": ""personal_info"", ""category"": ""name"", ""content"": ""\u0418\u043c\u044f \u043f\u043e\u043b\u044c\u0437\u043e\u0432\u0430\u0442\u0435\u043b\u044f: \u0410\u0439\u0434\u0430\u0445\u0430\u0440"", ""importance"": 9, ""timestamp"": ""2025-04-19T06:04:03.716642"", ""id"": 1}, {""type"": ""personal_info"", ""category"": ""name"", ""content"": ""\u0418\u043c\u044f \u043f\u043e\u043b\u044c\u0437\u043e\u0432\u0430\u0442\u0435\u043b\u044f: \u0411\u0435\u043a\u0430"", ""importance"": 9, ""timestamp"": ""2025-04-19T06:04:03.716769"", ""id"": 2}, {""type"": ""personal_info"", ""category"": ""name"", ""content"": ""\u0418\u043c\u044f \u043f\u043e\u043b\u044c\u0437\u043e\u0432\u0430\u0442\u0435\u043b\u044f: \u0430\u0439\u0434\u0430\u0440"", ""importance"": 9, ""timestamp"": ""2025-04-19T06:04:03.716832"", ""id"": 3}, {""type"": ""personal_info"", ""category"": ""general"", ""content"": ""df"", ""importance"": 5, ""timestamp"": ""2025-04-19T06:04:03.717268"", ""id"": 4}]",2025-04-19 06:04:03.74128+00,2025-04-19 06:04:03.74128+00
1355d9d9-449e-4bdf-a4d7-f5237bd9aede,6d6f5a7e-8a2b-4503-9473-870ccf07d4ce,c7cb5b5c-e469-586e-8e87-001419048544,memory,"[{""type"": ""personal_info"", ""category"": ""name"", ""content"": ""\u0418\u043c\u044f \u043f\u043e\u043b\u044c\u0437\u043e\u0432\u0430\u0442\u0435\u043b\u044f: \u0410\u0439\u0434\u0430\u0445\u0430\u0440"", ""importance"": 9, ""timestamp"": ""2025-04-19T06:14:02.452775"", ""id"": 1}, {""type"": ""personal_info"", ""category"": ""name"", ""content"": ""\u0418\u043c\u044f \u043f\u043e\u043b\u044c\u0437\u043e\u0432\u0430\u0442\u0435\u043b\u044f: \u0411\u0435\u043a\u0430"", ""importance"": 9, ""timestamp"": ""2025-04-19T06:14:02.452915"", ""id"": 2}, {""type"": ""personal_info"", ""category"": ""name"", ""content"": ""\u0418\u043c\u044f \u043f\u043e\u043b\u044c\u0437\u043e\u0432\u0430\u0442\u0435\u043b\u044f: \u0430\u0439\u0434\u0430\u0440"", ""importance"": 9, ""timestamp"": ""2025-04-19T06:14:02.453008"", ""id"": 3}, {""type"": ""personal_info"", ""category"": ""general"", ""content"": ""df"", ""importance"": 5, ""timestamp"": ""2025-04-19T06:14:02.453095"", ""id"": 4}]",2025-04-19 06:14:02.478805+00,2025-04-19 06:14:02.478805+00
b8415a11-c302-4313-956b-4e144228c4b9,6d6f5a7e-8a2b-4503-9473-870ccf07d4ce,,memory,"[{""type"": ""personal_info"", ""category"": ""name"", ""content"": ""\u0418\u043c\u044f \u043f\u043e\u043b\u044c\u0437\u043e\u0432\u0430\u0442\u0435\u043b\u044f: \u0410\u0439\u0434\u0430\u0445\u0430\u0440"", ""importance"": 9, ""timestamp"": ""2025-04-19T08:57:27.068752"", ""id"": 1}, {""type"": ""personal_info"", ""category"": ""name"", ""content"": ""\u0418\u043c\u044f \u043f\u043e\u043b\u044c\u0437\u043e\u0432\u0430\u0442\u0435\u043b\u044f: \u0411\u0435\u043a\u0430"", ""importance"": 9, ""timestamp"": ""2025-04-19T08:57:27.068916"", ""id"": 2}, {""type"": ""personal_info"", ""category"": ""name"", ""content"": ""\u0418\u043c\u044f \u043f\u043e\u043b\u044c\u0437\u043e\u0432\u0430\u0442\u0435\u043b\u044f: \u0430\u0439\u0434\u0430\u0440"", ""importance"": 9, ""timestamp"": ""2025-04-19T08:57:27.069001"", ""id"": 3}, {""type"": ""personal_info"", ""category"": ""general"", ""content"": ""df"", ""importance"": 5, ""timestamp"": ""2025-04-19T08:57:27.069109"", ""id"": 4}]",2025-04-19 08:57:27.08025+00,2025-04-19 08:57:27.08025+00
7cc10d3c-0cb7-4b30-93a1-51671044819b,6d6f5a7e-8a2b-4503-9473-870ccf07d4ce,,memory,"[{""type"": ""personal_info"", ""category"": ""name"", ""content"": ""\u0418\u043c\u044f \u043f\u043e\u043b\u044c\u0437\u043e\u0432\u0430\u0442\u0435\u043b\u044f: \u0410\u0439\u0434\u0430\u0445\u0430\u0440"", ""importance"": 9, ""timestamp"": ""2025-04-19T08:59:10.407084"", ""id"": 1}, {""type"": ""personal_info"", ""category"": ""name"", ""content"": ""\u0418\u043c\u044f \u043f\u043e\u043b\u044c\u0437\u043e\u0432\u0430\u0442\u0435\u043b\u044f: \u0411\u0435\u043a\u0430"", ""importance"": 9, ""timestamp"": ""2025-04-19T08:59:10.407289"", ""id"": 2}, {""type"": ""personal_info"", ""category"": ""name"", ""content"": ""\u0418\u043c\u044f \u043f\u043e\u043b\u044c\u0437\u043e\u0432\u0430\u0442\u0435\u043b\u044f: \u0430\u0439\u0434\u0430\u0440"", ""importance"": 9, ""timestamp"": ""2025-04-19T08:59:10.407357"", ""id"": 3}, {""type"": ""personal_info"", ""category"": ""general"", ""content"": ""df"", ""importance"": 5, ""timestamp"": ""2025-04-19T08:59:10.407470"", ""id"": 4}]",2025-04-19 08:59:10.422243+00,2025-04-19 08:59:10.422243+00
c1267fac-b533-4ac7-8106-a3f817eab5b5,6d6f5a7e-8a2b-4503-9473-870ccf07d4ce,,memory,"[{""type"": ""personal_info"", ""category"": ""name"", ""content"": ""\u0418\u043c\u044f \u043f\u043e\u043b\u044c\u0437\u043e\u0432\u0430\u0442\u0435\u043b\u044f: \u0410\u0439\u0434\u0430\u0445\u0430\u0440"", ""importance"": 9, ""timestamp"": ""2025-04-19T09:01:58.522083"", ""id"": 1}, {""type"": ""personal_info"", ""category"": ""name"", ""content"": ""\u0418\u043c\u044f \u043f\u043e\u043b\u044c\u0437\u043e\u0432\u0430\u0442\u0435\u043b\u044f: \u0411\u0435\u043a\u0430"", ""importance"": 9, ""timestamp"": ""2025-04-19T09:01:58.522247"", ""id"": 2}, {""type"": ""personal_info"", ""category"": ""name"", ""content"": ""\u0418\u043c\u044f \u043f\u043e\u043b\u044c\u0437\u043e\u0432\u0430\u0442\u0435\u043b\u044f: \u0430\u0439\u0434\u0430\u0440"", ""importance"": 9, ""timestamp"": ""2025-04-19T09:01:58.522320"", ""id"": 3}, {""type"": ""personal_info"", ""category"": ""general"", ""content"": ""df"", ""importance"": 5, ""timestamp"": ""2025-04-19T09:01:58.522386"", ""id"": 4}]",2025-04-19 09:01:58.529711+00,2025-04-19 09:01:58.529711+00
009a1e75-d115-4e3b-9b34-52f5e236889f,6d6f5a7e-8a2b-4503-9473-870ccf07d4ce,c7cb5b5c-e469-586e-8e87-001419048544,memory,"[{""type"": ""personal_info"", ""category"": ""name"", ""content"": ""\u0418\u043c\u044f \u043f\u043e\u043b\u044c\u0437\u043e\u0432\u0430\u0442\u0435\u043b\u044f: \u0410\u0439\u0434\u0430\u0445\u0430\u0440"", ""importance"": 9, ""timestamp"": ""2025-04-19T10:39:35.215558"", ""id"": 1}, {""type"": ""personal_info"", ""category"": ""name"", ""content"": ""\u0418\u043c\u044f \u043f\u043e\u043b\u044c\u0437\u043e\u0432\u0430\u0442\u0435\u043b\u044f: \u0411\u0435\u043a\u0430"", ""importance"": 9, ""timestamp"": ""2025-04-19T10:39:35.215676"", ""id"": 2}, {""type"": ""personal_info"", ""category"": ""name"", ""content"": ""\u0418\u043c\u044f \u043f\u043e\u043b\u044c\u0437\u043e\u0432\u0430\u0442\u0435\u043b\u044f: \u0430\u0439\u0434\u0430\u0440"", ""importance"": 9, ""timestamp"": ""2025-04-19T10:39:35.215809"", ""id"": 3}, {""type"": ""personal_info"", ""category"": ""name"", ""content"": ""\u0418\u043c\u044f \u043f\u043e\u043b\u044c\u0437\u043e\u0432\u0430\u0442\u0435\u043b\u044f: \u0411\u0435\u043a\u0437\u0430\u0442"", ""importance"": 9, ""timestamp"": ""2025-04-19T10:39:35.222582"", ""id"": 5}, {""type"": ""personal_info"", ""category"": ""general"", ""content"": ""df"", ""importance"": 5, ""timestamp"": ""2025-04-19T10:39:35.215891"", ""id"": 4}]",2025-04-19 10:39:35.235096+00,2025-04-19 10:39:35.235096+00
48a0248d-a468-4268-a243-fe5cdd41c43c,6d6f5a7e-8a2b-4503-9473-870ccf07d4ce,c7cb5b5c-e469-586e-8e87-001419048544,memory,"[{""type"": ""personal_info"", ""category"": ""name"", ""content"": ""\u0418\u043c\u044f \u043f\u043e\u043b\u044c\u0437\u043e\u0432\u0430\u0442\u0435\u043b\u044f: \u0410\u0439\u0434\u0430\u0445\u0430\u0440"", ""importance"": 9, ""timestamp"": ""2025-04-19T10:55:34.895612"", ""id"": 1}, {""type"": ""personal_info"", ""category"": ""name"", ""content"": ""\u0418\u043c\u044f \u043f\u043e\u043b\u044c\u0437\u043e\u0432\u0430\u0442\u0435\u043b\u044f: \u0411\u0435\u043a\u0430"", ""importance"": 9, ""timestamp"": ""2025-04-19T10:55:34.895769"", ""id"": 2}, {""type"": ""personal_info"", ""category"": ""name"", ""content"": ""\u0418\u043c\u044f \u043f\u043e\u043b\u044c\u0437\u043e\u0432\u0430\u0442\u0435\u043b\u044f: \u0430\u0439\u0434\u0430\u0440"", ""importance"": 9, ""timestamp"": ""2025-04-19T10:55:34.895834"", ""id"": 3}, {""type"": ""personal_info"", ""category"": ""name"", ""content"": ""\u0418\u043c\u044f \u043f\u043e\u043b\u044c\u0437\u043e\u0432\u0430\u0442\u0435\u043b\u044f: \u0411\u0435\u043a\u0437\u0430\u0442"", ""importance"": 9, ""timestamp"": ""2025-04-19T10:55:34.895894"", ""id"": 4}, {""type"": ""personal_info"", ""category"": ""name"", ""content"": ""\u0418\u043c\u044f \u043f\u043e\u043b\u044c\u0437\u043e\u0432\u0430\u0442\u0435\u043b\u044f: \u0410\u043d\u0434\u0440\u0435\u0439"", ""importance"": 9, ""timestamp"": ""2025-04-19T10:55:34.905670"", ""id"": 6}, {""type"": ""personal_info"", ""category"": ""general"", ""content"": ""df"", ""importance"": 5, ""timestamp"": ""2025-04-19T10:55:34.895950"", ""id"": 5}]",2025-04-19 10:55:34.932449+00,2025-04-19 10:55:34.932449+00
3d85e3a5-109e-426c-bc9f-91ed5742ccf7,6d6f5a7e-8a2b-4503-9473-870ccf07d4ce,c7cb5b5c-e469-586e-8e87-001419048544,memory,"[{""type"": ""personal_info"", ""category"": ""name"", ""content"": ""\u0418\u043c\u044f \u043f\u043e\u043b\u044c\u0437\u043e\u0432\u0430\u0442\u0435\u043b\u044f: \u0410\u0439\u0434\u0430\u0445\u0430\u0440"", ""importance"": 9, ""timestamp"": ""2025-04-19T11:44:02.320262"", ""id"": 1}, {""type"": ""personal_info"", ""category"": ""name"", ""content"": ""\u0418\u043c\u044f \u043f\u043e\u043b\u044c\u0437\u043e\u0432\u0430\u0442\u0435\u043b\u044f: \u0411\u0435\u043a\u0430"", ""importance"": 9, ""timestamp"": ""2025-04-19T11:44:02.320393"", ""id"": 2}, {""type"": ""personal_info"", ""category"": ""name"", ""content"": ""\u0418\u043c\u044f \u043f\u043e\u043b\u044c\u0437\u043e\u0432\u0430\u0442\u0435\u043b\u044f: \u0430\u0439\u0434\u0430\u0440"", ""importance"": 9, ""timestamp"": ""2025-04-19T11:44:02.320470"", ""id"": 3}, {""type"": ""personal_info"", ""category"": ""name"", ""content"": ""\u0418\u043c\u044f \u043f\u043e\u043b\u044c\u0437\u043e\u0432\u0430\u0442\u0435\u043b\u044f: \u0411\u0435\u043a\u0437\u0430\u0442"", ""importance"": 9, ""timestamp"": ""2025-04-19T11:44:02.320619"", ""id"": 4}, {""type"": ""personal_info"", ""category"": ""name"", ""content"": ""\u0418\u043c\u044f \u043f\u043e\u043b\u044c\u0437\u043e\u0432\u0430\u0442\u0435\u043b\u044f: \u0410\u043d\u0434\u0440\u0435\u0439"", ""importance"": 9, ""timestamp"": ""2025-04-19T11:44:02.320780"", ""id"": 5}, {""type"": ""personal_info"", ""category"": ""name"", ""content"": ""\u0418\u043c\u044f \u043f\u043e\u043b\u044c\u0437\u043e\u0432\u0430\u0442\u0435\u043b\u044f: \u0415\u0440\u043a\u0435\u0431\u0443\u043b\u0430\u043d"", ""importance"": 9, ""timestamp"": ""2025-04-19T11:44:02.330555"", ""id"": 7}, {""type"": ""personal_info"", ""category"": ""general"", ""content"": ""df"", ""importance"": 5, ""timestamp"": ""2025-04-19T11:44:02.320883"", ""id"": 6}]",2025-04-19 11:44:02.358759+00,2025-04-19 11:44:02.358759+00
d70e7d18-1a54-4c0e-b617-40bad6c41f8e,6d6f5a7e-8a2b-4503-9473-870ccf07d4ce,c7cb5b5c-e469-586e-8e87-001419048544,memory,"[{""type"": ""personal_info"", ""category"": ""name"", ""content"": ""\u0418\u043c\u044f \u043f\u043e\u043b\u044c\u0437\u043e\u0432\u0430\u0442\u0435\u043b\u044f: \u0410\u0439\u0434\u0430\u0445\u0430\u0440"", ""importance"": 9, ""timestamp"": ""2025-04-19T15:55:28.902514"", ""id"": 1}, {""type"": ""personal_info"", ""category"": ""name"", ""content"": ""\u0418\u043c\u044f \u043f\u043e\u043b\u044c\u0437\u043e\u0432\u0430\u0442\u0435\u043b\u044f: \u0411\u0435\u043a\u0430"", ""importance"": 9, ""timestamp"": ""2025-04-19T15:55:28.902689"", ""id"": 2}, {""type"": ""personal_info"", ""category"": ""name"", ""content"": ""\u0418\u043c\u044f \u043f\u043e\u043b\u044c\u0437\u043e\u0432\u0430\u0442\u0435\u043b\u044f: \u0430\u0439\u0434\u0430\u0440"", ""importance"": 9, ""timestamp"": ""2025-04-19T15:55:28.902773"", ""id"": 3}, {""type"": ""personal_info"", ""category"": ""name"", ""content"": ""\u0418\u043c\u044f \u043f\u043e\u043b\u044c\u0437\u043e\u0432\u0430\u0442\u0435\u043b\u044f: \u0411\u0435\u043a\u0437\u0430\u0442"", ""importance"": 9, ""timestamp"": ""2025-04-19T15:55:28.902842"", ""id"": 4}, {""type"": ""personal_info"", ""category"": ""name"", ""content"": ""\u0418\u043c\u044f \u043f\u043e\u043b\u044c\u0437\u043e\u0432\u0430\u0442\u0435\u043b\u044f: \u0410\u043d\u0434\u0440\u0435\u0439"", ""importance"": 9, ""timestamp"": ""2025-04-19T15:55:28.902974"", ""id"": 5}, {""type"": ""personal_info"", ""category"": ""name"", ""content"": ""\u0418\u043c\u044f \u043f\u043e\u043b\u044c\u0437\u043e\u0432\u0430\u0442\u0435\u043b\u044f: \u0415\u0440\u043a\u0435\u0431\u0443\u043b\u0430\u043d"", ""importance"": 9, ""timestamp"": ""2025-04-19T15:55:28.903401"", ""id"": 6}, {""type"": ""personal_info"", ""category"": ""name"", ""content"": ""\u0418\u043c\u044f \u043f\u043e\u043b\u044c\u0437\u043e\u0432\u0430\u0442\u0435\u043b\u044f: \u0441\u043a\u0430\u043b\u0430\u043d\u0434\u0440"", ""importance"": 9, ""timestamp"": ""2025-04-19T15:55:28.914238"", ""id"": 8}, {""type"": ""personal_info"", ""category"": ""general"", ""content"": ""df"", ""importance"": 5, ""timestamp"": ""2025-04-19T15:55:28.903526"", ""id"": 7}]",2025-04-19 15:55:28.94353+00,2025-04-19 15:55:28.94353+00
b9b5dc87-d631-499d-8ced-75d001d57de8,6d6f5a7e-8a2b-4503-9473-870ccf07d4ce,c7cb5b5c-e469-586e-8e87-001419048544,memory,"[{""type"": ""personal_info"", ""category"": ""name"", ""content"": ""\u0418\u043c\u044f \u043f\u043e\u043b\u044c\u0437\u043e\u0432\u0430\u0442\u0435\u043b\u044f: \u0410\u0439\u0434\u0430\u0445\u0430\u0440"", ""importance"": 9, ""timestamp"": ""2025-04-19T16:56:14.514371"", ""id"": 1}, {""type"": ""personal_info"", ""category"": ""name"", ""content"": ""\u0418\u043c\u044f \u043f\u043e\u043b\u044c\u0437\u043e\u0432\u0430\u0442\u0435\u043b\u044f: \u0411\u0435\u043a\u0430"", ""importance"": 9, ""timestamp"": ""2025-04-19T16:56:14.514628"", ""id"": 2}, {""type"": ""personal_info"", ""category"": ""name"", ""content"": ""\u0418\u043c\u044f \u043f\u043e\u043b\u044c\u0437\u043e\u0432\u0430\u0442\u0435\u043b\u044f: \u0430\u0439\u0434\u0430\u0440"", ""importance"": 9, ""timestamp"": ""2025-04-19T16:56:14.514696"", ""id"": 3}, {""type"": ""personal_info"", ""category"": ""name"", ""content"": ""\u0418\u043c\u044f \u043f\u043e\u043b\u044c\u0437\u043e\u0432\u0430\u0442\u0435\u043b\u044f: \u0411\u0435\u043a\u0437\u0430\u0442"", ""importance"": 9, ""timestamp"": ""2025-04-19T16:56:14.514769"", ""id"": 4}, {""type"": ""personal_info"", ""category"": ""name"", ""content"": ""\u0418\u043c\u044f \u043f\u043e\u043b\u044c\u0437\u043e\u0432\u0430\u0442\u0435\u043b\u044f: \u0410\u043d\u0434\u0440\u0435\u0439"", ""importance"": 9, ""timestamp"": ""2025-04-19T16:56:14.514823"", ""id"": 5}, {""type"": ""personal_info"", ""category"": ""name"", ""content"": ""\u0418\u043c\u044f \u043f\u043e\u043b\u044c\u0437\u043e\u0432\u0430\u0442\u0435\u043b\u044f: \u0415\u0440\u043a\u0435\u0431\u0443\u043b\u0430\u043d"", ""importance"": 9, ""timestamp"": ""2025-04-19T16:56:14.514908"", ""id"": 6}, {""type"": ""personal_info"", ""category"": ""name"", ""content"": ""\u0418\u043c\u044f \u043f\u043e\u043b\u044c\u0437\u043e\u0432\u0430\u0442\u0435\u043b\u044f: \u0441\u043a\u0430\u043b\u0430\u043d\u0434\u0440"", ""importance"": 9, ""timestamp"": ""2025-04-19T16:56:14.515011"", ""id"": 7}, {""type"": ""personal_info"", ""category"": ""name"", ""content"": ""\u0418\u043c\u044f \u043f\u043e\u043b\u044c\u0437\u043e\u0432\u0430\u0442\u0435\u043b\u044f: \u0430\u0439\u0431\u0435\u043a"", ""importance"": 9, ""timestamp"": ""2025-04-19T16:56:14.525015"", ""id"": 9}, {""type"": ""personal_info"", ""category"": ""general"", ""content"": ""df"", ""importance"": 5, ""timestamp"": ""2025-04-19T16:56:14.515132"", ""id"": 8}]",2025-04-19 16:56:14.553931+00,2025-04-19 16:56:14.553931+00
