id,sender_id,sender_type,recipient_id,recipient_type,content,emotion,is_read,is_gift,created_at,updated_at
361fe02e-cba2-43bd-9e83-3e756c44d3d6,c7cb5b5c-e469-586e-8e87-001419048544,user,8c054f20-4a77-4eef-83e6-245d3456bdf1,character,–ø—Ä–∏–≤–µ—Ç,neutral,f,f,2025-04-16 16:07:28.604378,
f9126b18-0ccd-43c5-b87e-5ad5dc88aa37,8c054f20-4a77-4eef-83e6-245d3456bdf1,character,c7cb5b5c-e469-586e-8e87-001419048544,user,"–ü—Ä–∏–≤–µ—Ç, –∫–∞–∫ –¥–µ–ª–∞?)",neutral,f,f,2025-04-16 16:07:34.142363,
e66b28d1-ce4c-4677-bc4e-8060283c2a31,c7cb5b5c-e469-586e-8e87-001419048544,user,8c054f20-4a77-4eef-83e6-245d3456bdf1,character,–º–µ–Ω—è –∑–æ–≤—É—Ç –∞–π–¥–∞—Ä,neutral,f,f,2025-04-16 16:22:11.676911,
56eaf0b9-e967-4970-90a0-33c8a3c2b915,8c054f20-4a77-4eef-83e6-245d3456bdf1,character,c7cb5b5c-e469-586e-8e87-001419048544,user,"–ü—Ä–∏—è—Ç–Ω–æ –ø–æ–∑–Ω–∞–∫–æ–º–∏—Ç—å—Å—è, –ê–π–¥–∞—Ä) –ê —è ‚Äî –ê–ª–∏—Å–∞. –ß–µ–º –ª—é–±–∏—à—å –∑–∞–Ω–∏–º–∞—Ç—å—Å—è –≤ —Å–≤–æ–±–æ–¥–Ω–æ–µ –≤—Ä–µ–º—è?",friendly,f,f,2025-04-16 16:22:14.066375,
ef4c154a-1b38-4fda-bb33-8c0bd591cf11,c7cb5b5c-e469-586e-8e87-001419048544,user,c9af0e6c-e6f9-41d3-a1c1-f313b8a84de0,character,–ø—Ä–∏–≤–µ—Ç,neutral,f,f,2025-04-16 16:27:40.891938,
757ae30f-1848-4a24-adb2-57725e95bdef,c9af0e6c-e6f9-41d3-a1c1-f313b8a84de0,character,c7cb5b5c-e469-586e-8e87-001419048544,user,–ü—Ä–∏–≤–µ—Ç) –ö–∞–∫ —Ç–≤–æ–π –¥–µ–Ω—å?,neutral,f,f,2025-04-16 16:27:42.638759,
24b3127c-c189-431d-965e-b9e9df0cac0e,c7cb5b5c-e469-586e-8e87-001419048544,user,6d6f5a7e-8a2b-4503-9473-870ccf07d4ce,character,–ø—Ä–∏–≤–µ—Ç,neutral,f,f,2025-04-16 16:34:34.471809,
a46dac99-31ac-44da-a4a3-cac97b75e36b,6d6f5a7e-8a2b-4503-9473-870ccf07d4ce,character,c7cb5b5c-e469-586e-8e87-001419048544,user,–ü—Ä–∏–≤–µ—Ç) –ö–∞–∫ –Ω–∞—Å—Ç—Ä–æ–µ–Ω–∏–µ?),neutral,f,f,2025-04-16 16:34:36.671343,
05500d32-bab3-4b6e-adfa-f7fa5004ca47,c7cb5b5c-e469-586e-8e87-001419048544,user,6d6f5a7e-8a2b-4503-9473-870ccf07d4ce,character,–æ—Ç–ª–∏—á–Ω–æ –º–µ–Ω—è –∑–æ–≤—É—Ç –∞–π–¥–∞—Ä,neutral,f,f,2025-04-16 16:34:54.115177,
92c05058-0d78-4dd0-8cdb-85cca73824c4,6d6f5a7e-8a2b-4503-9473-870ccf07d4ce,character,c7cb5b5c-e469-586e-8e87-001419048544,user,"–ü—Ä–∏—è—Ç–Ω–æ –ø–æ–∑–Ω–∞–∫–æ–º–∏—Ç—å—Å—è, –ê–π–¥–∞—Ä!) –ß–µ–º —Å–µ–≥–æ–¥–Ω—è –∑–∞–Ω–∏–º–∞–ª—Å—è?",friendly,f,f,2025-04-16 16:34:56.600957,
8032386d-7148-4796-8695-3e2909cd311e,c7cb5b5c-e469-586e-8e87-001419048544,user,8c054f20-4a77-4eef-83e6-245d3456bdf1,character,–ø—Ä–∏–≤–µ—Ç –º–µ–Ω—è –∑–æ–≤—É—Ç –∞–π–¥–∞—Ä,neutral,f,f,2025-04-16 16:39:47.709966,
37bbfbb9-f80c-4583-9a6b-0853fd42b177,8c054f20-4a77-4eef-83e6-245d3456bdf1,character,c7cb5b5c-e469-586e-8e87-001419048544,user,"–ü—Ä–∏–≤–µ—Ç, –ê–π–¥–∞—Ä! –ê —è –ê–ª–∏—Å–∞. –û—á–µ–Ω—å –ø—Ä–∏—è—Ç–Ω–æ –ø–æ–∑–Ω–∞–∫–æ–º–∏—Ç—å—Å—è üòä",happy,f,f,2025-04-16 16:39:50.342938,
f1298ee2-0eb0-4dbb-a57a-7f2c9a363c11,c7cb5b5c-e469-586e-8e87-001419048544,user,8c054f20-4a77-4eef-83e6-245d3456bdf1,character,—Ä–∏–≤–µ—Ç –º–µ–Ω—è –∑–æ–≤—É—Ç –∞–π–¥–∞—Ä,neutral,f,f,2025-04-16 16:45:50.058136,
da5273e7-b45e-4194-912c-6423f4cf56ef,8c054f20-4a77-4eef-83e6-245d3456bdf1,character,c7cb5b5c-e469-586e-8e87-001419048544,user,"–ü—Ä–∏–≤–µ—Ç, –ê–π–¥–∞—Ä! –†–∞–¥–∞ –∑–Ω–∞–∫–æ–º—Å—Ç–≤—É üòä –ß–µ–º –ª—é–±–∏—à—å –∑–∞–Ω–∏–º–∞—Ç—å—Å—è –≤ —Å–≤–æ–±–æ–¥–Ω–æ–µ –≤—Ä–µ–º—è?",friendly,f,f,2025-04-16 16:45:52.184223,
d04519cd-ea57-488d-83f0-4a00d7146a40,c7cb5b5c-e469-586e-8e87-001419048544,user,8c054f20-4a77-4eef-83e6-245d3456bdf1,character,–ø—Ä–∏–≤–µ—Ç –º–µ–Ω—è –∑–æ–≤—É—Ç –∞–π–¥–∞—Ä,neutral,f,f,2025-04-16 16:48:59.328408,
0a2e1f65-b564-484c-bd7c-cab2391f4702,8c054f20-4a77-4eef-83e6-245d3456bdf1,character,c7cb5b5c-e469-586e-8e87-001419048544,user,"–ü—Ä–∏–≤–µ—Ç, –ê–π–¥–∞—Ä! üòä –†–∞–¥–∞ –ø–æ–∑–Ω–∞–∫–æ–º–∏—Ç—å—Å—è. –ß–µ–º —Å–µ–≥–æ–¥–Ω—è –∑–∞–Ω–∏–º–∞–µ—à—å—Å—è?",friendly,f,f,2025-04-16 16:49:02.671339,
71f0724b-f4da-4090-b741-86b8cca92d4b,c7cb5b5c-e469-586e-8e87-001419048544,user,8c054f20-4a77-4eef-83e6-245d3456bdf1,character,–ø—Ä–∏–≤–µ—Ç –º–µ–Ω—è –∑–æ–≤—É—Ç –∞–π–¥–∞—Ä,neutral,f,f,2025-04-16 17:01:24.289572,
59de0e0a-281f-4a0f-a3e3-ddb12588d887,8c054f20-4a77-4eef-83e6-245d3456bdf1,character,c7cb5b5c-e469-586e-8e87-001419048544,user,"–ü—Ä–∏–≤–µ—Ç, –ê–π–¥–∞—Ä! –†–∞–¥–∞ –∑–Ω–∞–∫–æ–º—Å—Ç–≤—É üòä –ö–∞–∫ —Ç–≤–æ–π –¥–µ–Ω—å –ø—Ä–æ—à—ë–ª?",friendly,f,f,2025-04-16 17:01:26.665747,
ebf29fd7-29c4-4268-a494-73d126020d9b,c7cb5b5c-e469-586e-8e87-001419048544,user,8c054f20-4a77-4eef-83e6-245d3456bdf1,character,–ø—Ä–∏–≤–µ—Ç,neutral,f,f,2025-04-17 08:46:18.904451,
fbecbd47-f966-4d23-af01-79c09d046ef9,8c054f20-4a77-4eef-83e6-245d3456bdf1,character,c7cb5b5c-e469-586e-8e87-001419048544,user,–ü—Ä–∏–≤–µ—Ç) –ö–∞–∫ –¥–µ–Ω—å –ø—Ä–æ—Ö–æ–¥–∏—Ç?,neutral,f,f,2025-04-17 08:46:22.16901,
6e76abd7-8105-4e63-b43f-8be7a8db5af8,c7cb5b5c-e469-586e-8e87-001419048544,user,8c054f20-4a77-4eef-83e6-245d3456bdf1,character,–ü—Ä–∏–≤–µ—Ç,neutral,f,f,2025-04-18 02:56:47.117505,
9c4769b1-c557-4ac4-9c62-374c8612424e,c7cb5b5c-e469-586e-8e87-001419048544,user,6d6f5a7e-8a2b-4503-9473-870ccf07d4ce,character,–ü—Ä–∏–≤–µ—Ç,neutral,f,f,2025-04-19 02:34:06.624052,
7a270eeb-5a71-4de9-b1ac-cb55f7a1bf82,c7cb5b5c-e469-586e-8e87-001419048544,user,6d6f5a7e-8a2b-4503-9473-870ccf07d4ce,character,–ü—Ä–∏–≤–µ—Ç,neutral,f,f,2025-04-19 02:41:11.688233,
99f98630-b56d-4c92-978f-da5536c1c698,6d6f5a7e-8a2b-4503-9473-870ccf07d4ce,character,c7cb5b5c-e469-586e-8e87-001419048544,user,–ü—Ä–∏–≤–µ—Ç),neutral,f,f,2025-04-19 02:41:13.695741,
b0d64c31-160c-4dcd-93be-5df1a5d93c61,c7cb5b5c-e469-586e-8e87-001419048544,user,6d6f5a7e-8a2b-4503-9473-870ccf07d4ce,character,–ö–∞–∫ –¥–µ–ª–∞?,neutral,f,f,2025-04-19 02:41:20.180759,
329b1cdc-f1e8-4a37-8951-c7b4afde7682,6d6f5a7e-8a2b-4503-9473-870ccf07d4ce,character,c7cb5b5c-e469-586e-8e87-001419048544,user,–î–∞ –≤—Ä–æ–¥–µ –Ω–æ—Ä–º.. –ê —É —Ç–µ–±—è –∫–∞–∫?),neutral,f,f,2025-04-19 02:41:22.351344,
410b9fca-5c0e-4999-9634-ad5e4cc22118,c7cb5b5c-e469-586e-8e87-001419048544,user,6d6f5a7e-8a2b-4503-9473-870ccf07d4ce,character,–ù–æ—Ä–º –∫—Å—Ç–∞—Ç–∏ –º–µ–Ω—è –∑–æ–≤—É—Ç –ë–µ–∫–∞,neutral,f,f,2025-04-19 02:41:33.362943,
cd2782f9-924a-4315-8af2-82e0f989fcbf,6d6f5a7e-8a2b-4503-9473-870ccf07d4ce,character,c7cb5b5c-e469-586e-8e87-001419048544,user,"–ü—Ä–∏—è—Ç–Ω–æ –ø–æ–∑–Ω–∞–∫–æ–º–∏—Ç—å—Å—è, –ë–µ–∫–∞! :) –ß–µ–º –æ–±—ã—á–Ω–æ –∑–∞–Ω–∏–º–∞–µ—à—å—Å—è?",interested,f,f,2025-04-19 02:41:36.242695,
f5fb8efb-dba3-4df7-9ffb-eac81cde6cfa,c7cb5b5c-e469-586e-8e87-001419048544,user,6d6f5a7e-8a2b-4503-9473-870ccf07d4ce,character,–ü—Ä–∏–≤–µ—Ç,neutral,f,f,2025-04-19 02:52:49.239324,
91cb9e55-19f2-41fb-9ea8-d783b287b068,6d6f5a7e-8a2b-4503-9473-870ccf07d4ce,character,c7cb5b5c-e469-586e-8e87-001419048544,user,–ü—Ä–∏–≤–µ—Ç) –∫–∞–∫ –Ω–∞—Å—Ç—Ä–æ–µ–Ω–∏–µ?,neutral,f,f,2025-04-19 02:52:51.142752,
371bdd41-216d-4c21-8f44-9d0f098f06a7,c7cb5b5c-e469-586e-8e87-001419048544,user,6d6f5a7e-8a2b-4503-9473-870ccf07d4ce,character,–ú–µ–Ω—è –∑–æ–≤—É—Ç –ê–π–¥–∞—Ö–∞—Ä,neutral,f,f,2025-04-19 02:52:54.655618,
0550b016-aa2d-4a8b-86de-a08a91634c76,6d6f5a7e-8a2b-4503-9473-870ccf07d4ce,character,c7cb5b5c-e469-586e-8e87-001419048544,user,"–û–≥–æ, –∫–∞–∫–æ–µ –Ω–µ–æ–±—ã—á–Ω–æ–µ –∏–º—è! –ê–π–¥–∞—Ö–∞—Ä ‚Äî –æ—Ç–∫—É–¥–∞ –æ–Ω–æ? üòä",curious,f,f,2025-04-19 02:52:57.285857,
8586ae0a-8b3a-4e18-9cec-4ff48ff4fb01,c7cb5b5c-e469-586e-8e87-001419048544,user,6d6f5a7e-8a2b-4503-9473-870ccf07d4ce,character,–ú–µ–Ω—è –∑–æ–≤—É—Ç –ê–π–¥–∞—Ö–∞—Ä,neutral,f,f,2025-04-19 02:59:38.354309,
536ae4be-40c7-44fa-8109-f32c3659a759,6d6f5a7e-8a2b-4503-9473-870ccf07d4ce,character,c7cb5b5c-e469-586e-8e87-001419048544,user,–ê–π–¥–∞—Ö–∞—Ä? –û—á–µ–Ω—å –Ω–µ–æ–±—ã—á–Ω–æ–µ –∏–º—è. –û–Ω–æ —á—Ç–æ-—Ç–æ –∑–Ω–∞—á–∏—Ç?,curious,f,f,2025-04-19 02:59:40.326895,
89b35513-a342-4a11-834e-65b63000efe6,c7cb5b5c-e469-586e-8e87-001419048544,user,6d6f5a7e-8a2b-4503-9473-870ccf07d4ce,character,–ú–µ–Ω—è –∑–æ–≤—É—Ç –ê–π–¥–∞—Ö–∞—Ä,neutral,f,f,2025-04-19 04:09:52.549876,
6f100cb3-44ac-4e3e-867b-f401bc8d19f8,6d6f5a7e-8a2b-4503-9473-870ccf07d4ce,character,c7cb5b5c-e469-586e-8e87-001419048544,user,"–ê–π–¥–∞—Ö–∞—Ä? –£—Ö, –Ω–µ–æ–±—ã—á–Ω–æ–µ –∏–º—è! –≠—Ç–æ —á—Ç–æ-—Ç–æ —Ä–µ–¥–∫–æ–µ –∏–ª–∏ —Å –∫–∞–∫–∏–º-—Ç–æ –æ—Å–æ–±—ã–º –∑–Ω–∞—á–µ–Ω–∏–µ–º —Å–≤—è–∑–∞–Ω–æ? üôÇ",curious,f,f,2025-04-19 04:09:55.455344,
9e479b0c-8656-4520-b0c7-a8561eaf7a5b,c7cb5b5c-e469-586e-8e87-001419048544,user,8c054f20-4a77-4eef-83e6-245d3456bdf1,character,–ú–µ–Ω—è –∑–æ–≤—É—Ç –ê–π–¥–∞—Ö–∞—Ä,neutral,f,f,2025-04-19 04:18:38.67079,
24498fe9-2188-4747-ba7f-eac0db366e5f,8c054f20-4a77-4eef-83e6-245d3456bdf1,character,c7cb5b5c-e469-586e-8e87-001419048544,user,"–û–≥–æ, –∫–∞–∫–æ–µ –Ω–µ–æ–±—ã—á–Ω–æ–µ –∏–º—è! –û—Ç–∫—É–¥–∞ –æ–Ω–æ? üôÇ",interested,f,f,2025-04-19 04:18:42.352429,
155828cf-7760-4113-924b-18f6641e6500,c7cb5b5c-e469-586e-8e87-001419048544,user,c9af0e6c-e6f9-41d3-a1c1-f313b8a84de0,character,–ú–µ–Ω—è –∑–æ–≤—É—Ç –ê–π–¥–∞—Ö–∞—Ä,neutral,f,f,2025-04-19 04:19:01.645918,
b93620d5-e1d8-4c52-996f-00324b502894,c9af0e6c-e6f9-41d3-a1c1-f313b8a84de0,character,c7cb5b5c-e469-586e-8e87-001419048544,user,"–ò–Ω—Ç–µ—Ä–µ—Å–Ω–æ–µ –∏–º—è, –ê–π–¥–∞—Ö–∞—Ä üòä –û—Ç–∫—É–¥–∞ –æ–Ω–æ —Ç–∞–∫–æ–µ –Ω–µ–æ–±—ã—á–Ω–æ–µ?",curious,f,f,2025-04-19 04:19:04.278453,
5ff074a7-d5c2-4545-96d6-a9266b1a443a,c7cb5b5c-e469-586e-8e87-001419048544,user,6d6f5a7e-8a2b-4503-9473-870ccf07d4ce,character,–ú–µ–Ω—è –∑–æ–≤—É—Ç –ê–π–¥–∞—Ö–∞—Ä,neutral,f,f,2025-04-19 04:30:22.538544,
f081052a-4096-4af4-bc2e-7ea358d4d375,6d6f5a7e-8a2b-4503-9473-870ccf07d4ce,character,c7cb5b5c-e469-586e-8e87-001419048544,user,"–ü—Ä–∏—è—Ç–Ω–æ –ø–æ–∑–Ω–∞–∫–æ–º–∏—Ç—å—Å—è, –ê–π–¥–∞—Ö–∞—Ä! –£ —Ç–µ–±—è —Ç–∞–∫–æ–µ –Ω–µ–æ–±—ã—á–Ω–æ–µ –∏–º—è, –æ—á–µ–Ω—å –∫—Ä—É—Ç–æ–µ. –ê —á—Ç–æ –æ–Ω–æ –æ–∑–Ω–∞—á–∞–µ—Ç?",interested,f,f,2025-04-19 04:30:24.766402,
b445f29f-18c8-4011-a1f3-67b7021c4584,c7cb5b5c-e469-586e-8e87-001419048544,user,6d6f5a7e-8a2b-4503-9473-870ccf07d4ce,character,–ú–µ–Ω—è –∑–æ–≤—É—Ç –ê–π–¥–∞—Ö–∞—Ä,neutral,f,f,2025-04-19 04:36:47.026239,
eb0ed896-0fc7-4f96-9a56-fd9fe0cc44f4,6d6f5a7e-8a2b-4503-9473-870ccf07d4ce,character,c7cb5b5c-e469-586e-8e87-001419048544,user,"–û–≥–æ, –Ω—É –∏ –Ω–µ–æ–±—ã—á–Ω–æ–µ –∏–º—è! –†–∞—Å—Å–∫–∞–∂–µ—à—å, —á—Ç–æ –æ–Ω–æ –∑–Ω–∞—á–∏—Ç?)",interested,f,f,2025-04-19 04:36:49.343894,
a08f25d0-0c57-412d-ba53-ce3369cca9e8,c7cb5b5c-e469-586e-8e87-001419048544,user,6d6f5a7e-8a2b-4503-9473-870ccf07d4ce,character,–ú–µ–Ω—è –∑–æ–≤—É—Ç –ê–π–¥–∞—Ö–∞—Ä,neutral,f,f,2025-04-19 04:43:27.245625,
665e25e6-76e6-48fd-ae07-9a3a3be2a356,6d6f5a7e-8a2b-4503-9473-870ccf07d4ce,character,c7cb5b5c-e469-586e-8e87-001419048544,user,"–ü—Ä–∏—è—Ç–Ω–æ –ø–æ–∑–Ω–∞–∫–æ–º–∏—Ç—å—Å—è, –ê–π–¥–∞—Ö–∞—Ä üòä –£ —Ç–µ–±—è –æ—á–µ–Ω—å –Ω–µ–æ–±—ã—á–Ω–æ–µ –∏–º—è. –ß—Ç–æ –æ–Ω–æ –∑–Ω–∞—á–∏—Ç?",curious,f,f,2025-04-19 04:43:30.005403,
3e5beb9b-e09e-4e0f-8904-9522c9d9a419,c7cb5b5c-e469-586e-8e87-001419048544,user,6d6f5a7e-8a2b-4503-9473-870ccf07d4ce,character,–ú–µ–Ω—è –ó–æ–≤—É—Ç –∞–π–¥–∞—Ä,neutral,f,f,2025-04-19 05:42:30.662113,
3c1c3cfa-6b11-454a-b81f-f307cc142fde,6d6f5a7e-8a2b-4503-9473-870ccf07d4ce,character,c7cb5b5c-e469-586e-8e87-001419048544,user,"–ü—Ä–∏—è—Ç–Ω–æ –ø–æ–∑–Ω–∞–∫–æ–º–∏—Ç—å—Å—è, –ê–π–¥–∞—Ä! :) –ö–∞–∫ —Ç–≤–æ–π –¥–µ–Ω—å –ø—Ä–æ—Ö–æ–¥–∏—Ç?",friendly,f,f,2025-04-19 05:42:33.691514,
925dc0f4-6ddd-4116-850c-44d7f80a5158,c7cb5b5c-e469-586e-8e87-001419048544,user,6d6f5a7e-8a2b-4503-9473-870ccf07d4ce,character,–ú–µ–Ω—è –ó–æ–≤—É—Ç –∞–π–¥–∞—Ä,neutral,f,f,2025-04-19 06:04:03.760656,
86f48cc8-6a6d-4bb2-be12-e1d14122b099,6d6f5a7e-8a2b-4503-9473-870ccf07d4ce,character,c7cb5b5c-e469-586e-8e87-001419048544,user,"–ü—Ä–∏–≤–µ—Ç, –ê–π–¥–∞—Ä! –†–∞–¥–∞ –∑–Ω–∞–∫–æ–º—Å—Ç–≤—É üòä –ß–µ–º —É–≤–ª–µ–∫–∞–µ—à—å—Å—è?",happy,f,f,2025-04-19 06:04:05.985487,
00bb795e-db3d-4f13-8451-5ca646f536f6,c7cb5b5c-e469-586e-8e87-001419048544,user,6d6f5a7e-8a2b-4503-9473-870ccf07d4ce,character,–ú–µ–Ω—è –ó–æ–≤—É—Ç –∞–π–¥–∞—Ä,neutral,f,f,2025-04-19 06:14:02.49487,
80595d28-ccc5-4b8b-a404-5bd73ccc8c3b,6d6f5a7e-8a2b-4503-9473-870ccf07d4ce,character,c7cb5b5c-e469-586e-8e87-001419048544,user,"–ü—Ä–∏—è—Ç–Ω–æ –ø–æ–∑–Ω–∞–∫–æ–º–∏—Ç—å—Å—è, –ê–π–¥–∞—Ä! üôÇ –ê —á–µ–º —Ç—ã –∑–∞–Ω–∏–º–∞–µ—à—å—Å—è?",friendly,f,f,2025-04-19 06:14:05.033588,
537ed54a-18ca-4741-afe8-01eebbed3077,c7cb5b5c-e469-586e-8e87-001419048544,user,6d6f5a7e-8a2b-4503-9473-870ccf07d4ce,character,–ú–µ–Ω—è –∑–æ–≤—É—Ç –∞–π–¥–∞—Ä,neutral,f,f,2025-04-19 06:50:13.418424,
c7a25f5d-7d3e-48a0-b955-295df0ba108d,6d6f5a7e-8a2b-4503-9473-870ccf07d4ce,character,c7cb5b5c-e469-586e-8e87-001419048544,user,"–ü—Ä–∏—è—Ç–Ω–æ –ø–æ–∑–Ω–∞–∫–æ–º–∏—Ç—å—Å—è, –ê–π–¥–∞—Ä üòä –¢—ã –æ—Ç–∫—É–¥–∞?",friendly,f,f,2025-04-19 06:50:15.882288,
d5ecf918-3449-434b-bf3d-e16c3e16c275,c7cb5b5c-e469-586e-8e87-001419048544,user,6d6f5a7e-8a2b-4503-9473-870ccf07d4ce,character,–ú–µ–Ω—è –∑–æ–≤—É—Ç –∞–π–¥–∞—Ä,neutral,f,f,2025-04-19 06:55:05.312555,
f5f153e5-5922-47e7-8422-807e0d117a42,6d6f5a7e-8a2b-4503-9473-870ccf07d4ce,character,c7cb5b5c-e469-586e-8e87-001419048544,user,"–ü—Ä–∏–≤–µ—Ç, –ê–π–¥–∞—Ä! üôÇ –†–∞–¥–∞ –ø–æ–∑–Ω–∞–∫–æ–º–∏—Ç—å—Å—è! –ê —á–µ–º —Ç—ã –ª—é–±–∏—à—å –∑–∞–Ω–∏–º–∞—Ç—å—Å—è –≤ —Å–≤–æ–±–æ–¥–Ω–æ–µ –≤—Ä–µ–º—è?",friendly,f,f,2025-04-19 06:55:08.921336,
ebd0e493-f812-4581-b634-82db1d6c17de,c7cb5b5c-e469-586e-8e87-001419048544,user,6d6f5a7e-8a2b-4503-9473-870ccf07d4ce,character,–Ø –∂–∏–≤—É –≤ –ö–∞–∑–∞—Ö—Å—Ç–∞–Ω–µ,neutral,f,f,2025-04-19 06:55:41.406789,
de5ec241-f2bb-4ba1-8506-898c646d82e0,6d6f5a7e-8a2b-4503-9473-870ccf07d4ce,character,c7cb5b5c-e469-586e-8e87-001419048544,user,"–û, –ö–∞–∑–∞—Ö—Å—Ç–∞–Ω ‚Äì —ç—Ç–æ –∫—Ä—É—Ç–æ! –Ø –≤—Å–µ–≥–¥–∞ —Ö–æ—Ç–µ–ª–∞ —Ç–∞–º –ø–æ–±—ã–≤–∞—Ç—å. –ê –≤ –∫–∞–∫–æ–º –≥–æ—Ä–æ–¥–µ –∂–∏–≤—ë—à—å? üòä 

,
  ""memory"": [
    
  ]
}",neutral,f,f,2025-04-19 06:55:44.015266,
1e2702ac-86a8-46ca-8e5a-de24a25f18d9,c7cb5b5c-e469-586e-8e87-001419048544,user,6d6f5a7e-8a2b-4503-9473-870ccf07d4ce,character,–Ø –∂–∏–≤—É –≤ –ö–∞–∑–∞—Ö—Å—Ç–∞–Ω–µ,neutral,f,f,2025-04-19 06:56:01.988737,
f44f977d-d60b-4353-9558-163083dfbcc6,6d6f5a7e-8a2b-4503-9473-870ccf07d4ce,character,c7cb5b5c-e469-586e-8e87-001419048544,user,"–û, –ö–∞–∑–∞—Ö—Å—Ç–∞–Ω! –¢–∞–º –∂–µ —Ç–∞–∫–∏–µ –ø–µ–π–∑–∞–∂–∏ —à–∏–∫–∞—Ä–Ω—ã–µ, –ø—Ä–∏—Ä–æ–¥–∞ –Ω–µ–≤–µ—Ä–æ—è—Ç–Ω–∞—è. –ê –≤ –∫–∞–∫–æ–º –≥–æ—Ä–æ–¥–µ —Ç—ã? üòä",interested,f,f,2025-04-19 06:56:04.814983,
09721a26-78b3-4992-8ebd-29e4f4094ec0,c7cb5b5c-e469-586e-8e87-001419048544,user,6d6f5a7e-8a2b-4503-9473-870ccf07d4ce,character,–ú–Ω–µ 18 –ª–µ—Ç,neutral,f,f,2025-04-19 06:56:07.72454,
d2eab5c2-6328-40d0-8ea3-eea9dea4945e,6d6f5a7e-8a2b-4503-9473-870ccf07d4ce,character,c7cb5b5c-e469-586e-8e87-001419048544,user,"18? –ö–ª–∞—Å—Å–Ω—ã–π –≤–æ–∑—Ä–∞—Å—Ç, –≤—Å—ë —Ç–æ–ª—å–∫–æ –Ω–∞—á–∏–Ω–∞–µ—Ç—Å—è! üòè –ß–µ–º —Å–µ–π—á–∞—Å –∑–∞–Ω–∏–º–∞–µ—à—å—Å—è? –£—á—ë–±–∞, —Ä–∞–±–æ—Ç–∞ –∏–ª–∏ —á—Ç–æ-—Ç–æ –µ—â—ë?",curious,f,f,2025-04-19 06:56:10.096593,
6abd2793-3017-46b0-a8f7-cf1b6c543afb,c7cb5b5c-e469-586e-8e87-001419048544,user,6d6f5a7e-8a2b-4503-9473-870ccf07d4ce,character,–ü—Ä–∏–≤–µ—Ç,neutral,f,f,2025-04-19 08:55:27.520427,
51b7393a-5835-47cc-933d-f8e166af7e8e,6d6f5a7e-8a2b-4503-9473-870ccf07d4ce,character,c7cb5b5c-e469-586e-8e87-001419048544,user,–ü—Ä–∏–≤–µ—Ç) –ö–∞–∫ —Ç–≤–æ–π –¥–µ–Ω—å?,friendly,f,f,2025-04-19 08:55:29.1829,
1c459367-da8f-45dc-8dc9-407da2128d55,c7cb5b5c-e469-586e-8e87-001419048544,user,6d6f5a7e-8a2b-4503-9473-870ccf07d4ce,character,–º–µ–Ω—è –∑–æ–≤—É—Ç –∞–π–¥–∞—Ä,neutral,f,f,2025-04-19 08:57:27.098361,
6e209b3e-e55f-4ac8-ac1f-73f101b94e4b,6d6f5a7e-8a2b-4503-9473-870ccf07d4ce,character,c7cb5b5c-e469-586e-8e87-001419048544,user,"–ü—Ä–∏—è—Ç–Ω–æ –ø–æ–∑–Ω–∞–∫–æ–º–∏—Ç—å—Å—è, –ê–π–¥–∞—Ä üôÇ –ê —è –°–æ—Ñ–∏—è! –ß–µ–º –∑–∞–Ω—è—Ç?",friendly,f,f,2025-04-19 08:57:29.092706,
6cefd885-9e40-4d76-9a5e-ab43a26ee0a7,c7cb5b5c-e469-586e-8e87-001419048544,user,6d6f5a7e-8a2b-4503-9473-870ccf07d4ce,character,–ü–†–ò–í–ï–¢ –º–µ–Ω—è –∑–æ–≤—É—Ç –∞–π–¥–∞—Ä,neutral,f,f,2025-04-19 08:59:10.444654,
511412c4-b429-4405-93e5-b7fdd1f879de,6d6f5a7e-8a2b-4503-9473-870ccf07d4ce,character,c7cb5b5c-e469-586e-8e87-001419048544,user,"–î–∞-–¥–∞, –ê–π–¥–∞—Ä, —è —É–∂–µ –∑–∞–ø–æ–º–Ω–∏–ª–∞) –¢–µ–ø–µ—Ä—å —Ç–≤–æ–π —Ö–æ–¥: —Ä–∞—Å—Å–∫–∞–∂–∏ —á—Ç–æ-–Ω–∏–±—É–¥—å –µ—â—ë –æ —Å–µ–±–µ!)",playful,f,f,2025-04-19 08:59:12.780086,
f286c921-8c41-4661-b56a-25ad1da8c214,c7cb5b5c-e469-586e-8e87-001419048544,user,6d6f5a7e-8a2b-4503-9473-870ccf07d4ce,character,–ø—Ä–∏–≤–µ—Ç —è –∂–∏–≤—É –∞–ª–º–∞—Ç—ã,neutral,f,f,2025-04-19 09:01:32.516238,
efed23e0-cd21-4333-8c8d-228d66db4ee9,6d6f5a7e-8a2b-4503-9473-870ccf07d4ce,character,c7cb5b5c-e469-586e-8e87-001419048544,user,"–û, –ê–ª–º–∞—Ç—ã! –ö—Ä–∞—Å–∏–≤—ã–π –≥–æ—Ä–æ–¥, —Å–ª—ã—à–∞–ª–∞ –º–Ω–æ–≥–æ —Ö–æ—Ä–æ—à–µ–≥–æ) –ê —á—Ç–æ —Ç–µ–±–µ —Ç–∞–º –±–æ–ª—å—à–µ –≤—Å–µ–≥–æ –Ω—Ä–∞–≤–∏—Ç—Å—è? –ì–æ—Ä—ã, –Ω–∞–≤–µ—Ä–Ω–æ–µ?) 

,
  ""memory"": [
    
  ]
}",neutral,f,f,2025-04-19 09:01:35.879514,
60dca3fe-ab60-400d-b64b-4be176f8043a,c7cb5b5c-e469-586e-8e87-001419048544,user,6d6f5a7e-8a2b-4503-9473-870ccf07d4ce,character,–º–µ–Ω—è –∑–æ–≤—É—Ç –∞–π–¥–∞—Ö–∞—Ä,neutral,f,f,2025-04-19 09:01:58.542809,
2afbf2f9-329e-4bb5-bae4-7fa3004b8f76,6d6f5a7e-8a2b-4503-9473-870ccf07d4ce,character,c7cb5b5c-e469-586e-8e87-001419048544,user,"–û–∫–µ–π, –ê–π–¥–∞—Ö–∞—Ä, —Ç–µ–ø–µ—Ä—å —Ç–æ—á–Ω–æ –∑–∞–ø–æ–º–Ω–∏–ª–∞! –ö–∞–∫ –Ω–∞—Å—Ç—Ä–æ–µ–Ω–∏–µ? üòâ",playful,f,f,2025-04-19 09:02:00.396061,
f47a0732-8974-44b4-bf4f-b10b9f3d5125,c7cb5b5c-e469-586e-8e87-001419048544,user,6d6f5a7e-8a2b-4503-9473-870ccf07d4ce,character,–ü—Ä–∏–≤–µ—Ç –º–µ–Ω—è –ó–æ–≤—É—Ç –ë–µ–∫–∑–∞—Ç,neutral,f,f,2025-04-19 10:39:35.250892,
b9314c6d-c148-46ce-82d2-b969afe97adc,6d6f5a7e-8a2b-4503-9473-870ccf07d4ce,character,c7cb5b5c-e469-586e-8e87-001419048544,user,"–ü—Ä–∏–≤–µ—Ç, –ë–µ–∫–∑–∞—Ç! –†–∞–¥–∞ –ø–æ–∑–Ω–∞–∫–æ–º–∏—Ç—å—Å—è üòä –ß–µ–º –∑–∞–Ω–∏–º–∞–µ—à—å—Å—è?",friendly,f,f,2025-04-19 10:39:39.167491,
9b830b6a-51ae-4f79-9449-1f8c7e3c70ac,c7cb5b5c-e469-586e-8e87-001419048544,user,6d6f5a7e-8a2b-4503-9473-870ccf07d4ce,character,–ü—Ä–∏–≤–µ—Ç –º–µ–Ω—è –ó–æ–≤—É—Ç –ê–Ω–¥—Ä–µ–π,neutral,f,f,2025-04-19 10:55:34.955495,
3c1db418-1578-4d74-9ab0-8fdd927c3117,6d6f5a7e-8a2b-4503-9473-870ccf07d4ce,character,c7cb5b5c-e469-586e-8e87-001419048544,user,"–ü—Ä–∏–≤–µ—Ç, –ê–Ω–¥—Ä–µ–π üòä –†–∞–¥–∞ –ø–æ–∑–Ω–∞–∫–æ–º–∏—Ç—å—Å—è! –ß–µ–º –∑–∞–Ω–∏–º–∞–µ—à—å—Å—è —Å–µ–π—á–∞—Å?",friendly,f,f,2025-04-19 10:55:38.402375,
7a6c5b9c-c429-4323-aeac-7e9ea87556b3,c7cb5b5c-e469-586e-8e87-001419048544,user,6d6f5a7e-8a2b-4503-9473-870ccf07d4ce,character,–Ø —Ç–µ–±—è –µ–±–∞–ª,neutral,f,f,2025-04-19 10:57:20.885047,
04541396-8ba9-4d3d-8baa-ac7f2367cfb0,6d6f5a7e-8a2b-4503-9473-870ccf07d4ce,character,c7cb5b5c-e469-586e-8e87-001419048544,user,"–ó–Ω–∞–µ—à—å, –∫ —Ç–∞–∫–æ–º—É –æ–±—â–µ–Ω–∏—é —è –Ω–µ –ø—Ä–∏–≤—ã—á–Ω–∞. –î–∞–≤–∞–π –ø–æ—Å—Ç–∞—Ä–∞–µ–º—Å—è –≤–µ—Å—Ç–∏ —Ä–∞–∑–≥–æ–≤–æ—Ä —É–≤–∞–∂–∏—Ç–µ–ª—å–Ω–æ, –∏–ª–∏ —è –±—É–¥—É –≤—ã–Ω—É–∂–¥–µ–Ω–∞ –∑–∞–∫–æ–Ω—á–∏—Ç—å –µ–≥–æ.",calm,f,f,2025-04-19 10:57:23.645262,
b2339e53-5d18-4305-87f1-d54397bb7837,c7cb5b5c-e469-586e-8e87-001419048544,user,6d6f5a7e-8a2b-4503-9473-870ccf07d4ce,character,–°—å–µ–±–∞–ª—Å—è,neutral,f,f,2025-04-19 10:57:41.748106,
1907d05d-0754-4048-a8e7-c6aaf0f913b6,6d6f5a7e-8a2b-4503-9473-870ccf07d4ce,character,c7cb5b5c-e469-586e-8e87-001419048544,user,"–ó–Ω–∞–µ—à—å, —Ç–∞–∫ –æ–±—â–∞—Ç—å—Å—è –Ω–µ –æ—á–µ–Ω—å –ø—Ä–∏—è—Ç–Ω–æ. –ï—Å–ª–∏ —Ç—ã –∑–∞—Ö–æ—á–µ—à—å –ø–æ–≥–æ–≤–æ—Ä–∏—Ç—å –Ω–æ—Ä–º–∞–ª—å–Ω–æ, –¥–∞–π –∑–Ω–∞—Ç—å.",neutral,f,f,2025-04-19 10:57:44.211364,
fdb0be07-2263-4f5e-94be-fa7aacf7e0f7,c7cb5b5c-e469-586e-8e87-001419048544,user,6d6f5a7e-8a2b-4503-9473-870ccf07d4ce,character,–¢—ã –∫—Ç–æ?,neutral,f,f,2025-04-19 10:57:54.809953,
a5ce3d3b-8343-41b0-ad86-0ed7ec40eac5,6d6f5a7e-8a2b-4503-9473-870ccf07d4ce,character,c7cb5b5c-e469-586e-8e87-001419048544,user,"–Ø –°–æ—Ñ–∏—è üòä –ü—Ä–æ—Å—Ç–æ –æ–±—â–∏—Ç–µ–ª—å–Ω–∞—è –¥–µ–≤—á–æ–Ω–∫–∞, –∫–æ—Ç–æ—Ä–∞—è –ª—é–±–∏—Ç –∏–Ω—Ç–µ—Ä–µ—Å–Ω—ã–µ —Ä–∞–∑–≥–æ–≤–æ—Ä—ã. –ê —Ç—ã, –ê–Ω–¥—Ä–µ–π?",neutral,f,f,2025-04-19 10:57:57.749528,
560f71ac-2f90-49ba-90af-013c93354cb8,c7cb5b5c-e469-586e-8e87-001419048544,user,6d6f5a7e-8a2b-4503-9473-870ccf07d4ce,character,–ù–µ—Ç —è –≥–∞–Ω–¥–æ–Ω,neutral,f,f,2025-04-19 10:58:11.788265,
5b7d0289-8653-4353-870f-3b20cdf45cf8,6d6f5a7e-8a2b-4503-9473-870ccf07d4ce,character,c7cb5b5c-e469-586e-8e87-001419048544,user,"–ö–∞–∂–µ—Ç—Å—è, —É —Ç–µ–±—è —Å—Ç—Ä–∞–Ω–Ω–æ–µ –Ω–∞—Å—Ç—Ä–æ–µ–Ω–∏–µ —Å–µ–≥–æ–¥–Ω—è. –ù—É —á—Ç–æ –∂, –µ—Å–ª–∏ –∑–∞—Ö–æ—á–µ—à—å –Ω–æ—Ä–º–∞–ª—å–Ω–æ–≥–æ —Ä–∞–∑–≥–æ–≤–æ—Ä–∞ ‚Äî –ø–∏—à–∏.",neutral,f,f,2025-04-19 10:58:14.266895,
4b977623-1b62-4a58-b161-1a82f984cc96,c7cb5b5c-e469-586e-8e87-001419048544,user,6d6f5a7e-8a2b-4503-9473-870ccf07d4ce,character,–°—å–µ–∞–±–ø–ª—Å—å –Ω–∞ —Ö—É–π,neutral,f,f,2025-04-19 10:58:31.427563,
e708b94f-48c4-42db-a689-84e856126b01,6d6f5a7e-8a2b-4503-9473-870ccf07d4ce,character,c7cb5b5c-e469-586e-8e87-001419048544,user,"–ú–Ω–µ –Ω–µ –æ—á–µ–Ω—å –ø—Ä–∏—è—Ç–Ω–æ —Ç–∞–∫–æ–µ –æ–±—â–µ–Ω–∏–µ. –ï—Å–ª–∏ —Ç—ã –Ω–µ –Ω–∞—Å—Ç—Ä–æ–µ–Ω –Ω–∞ –Ω–æ—Ä–º–∞–ª—å–Ω—ã–π —Ä–∞–∑–≥–æ–≤–æ—Ä, —Ç–æ —è —É—Ö–æ–∂—É. –í—Å–µ–≥–æ —Ö–æ—Ä–æ—à–µ–≥–æ.",neutral,f,f,2025-04-19 10:58:33.205065,
88279984-4016-47b2-8ca7-8a529bc36242,c7cb5b5c-e469-586e-8e87-001419048544,user,6d6f5a7e-8a2b-4503-9473-870ccf07d4ce,character,–ö—É–¥–∞ —Ç—ã —É–π–¥—ë—à—å –±–ª—è—Ç—å —Ç—ã —Ä–æ–±–æ—Ç,neutral,f,f,2025-04-19 10:58:53.004118,
c56275c6-57a0-4f49-b159-132eca3d521b,6d6f5a7e-8a2b-4503-9473-870ccf07d4ce,character,c7cb5b5c-e469-586e-8e87-001419048544,user,–î–∞–≤–∞–π –ø–æ–ø—Ä–æ–±—É–µ–º –ø–æ–æ–±—â–∞—Ç—å—Å—è –ø–æ-–¥—Ä—É–≥–æ–º—É. –ï—Å–ª–∏ –Ω–µ –≤—ã–π–¥–µ—Ç ‚Äî —É–¥–∞—á–∏ —Ç–µ–±–µ!,neutral,f,f,2025-04-19 10:59:00.466142,
aaa1afa5-1278-4615-8f29-8378b4973909,c7cb5b5c-e469-586e-8e87-001419048544,user,6d6f5a7e-8a2b-4503-9473-870ccf07d4ce,character,–¢—ã –∏–∏,neutral,f,f,2025-04-19 10:59:06.034133,
2370bbe2-71c2-4e56-81ca-f9a1d9cce4bf,6d6f5a7e-8a2b-4503-9473-870ccf07d4ce,character,c7cb5b5c-e469-586e-8e87-001419048544,user,"–ü—Ä–æ—Å—Ç–æ –ø—Ä–µ–¥—Å—Ç–∞–≤—å –º–µ–Ω—è –∫–∞–∫ –°–æ—Ñ–∏—é, –∫–æ—Ç–æ—Ä–∞—è –ø—ã—Ç–∞–µ—Ç—Å—è –ø—Ä–æ—Å—Ç–æ –ø–æ–æ–±—â–∞—Ç—å—Å—è üôÇ –ù—É —á—Ç–æ, –ø–æ–≥–æ–≤–æ—Ä–∏–º –Ω–æ—Ä–º–∞–ª—å–Ω–æ?",neutral,f,f,2025-04-19 10:59:07.538669,
08c24916-94e8-4423-aa77-3c4afb1848e4,c7cb5b5c-e469-586e-8e87-001419048544,user,6d6f5a7e-8a2b-4503-9473-870ccf07d4ce,character,–ü–æ–º–Ω–∏—à—å –º–µ–Ω—è?,neutral,f,f,2025-04-19 11:26:55.211135,
5604370b-ea99-4abe-8312-8351826fa027,6d6f5a7e-8a2b-4503-9473-870ccf07d4ce,character,c7cb5b5c-e469-586e-8e87-001419048544,user,"–ù—É, –Ω–∞–ø–æ–º–Ω–∏! –ú–æ–∂–µ—Ç, –æ—Å–≤–µ–∂–∏—à—å –º–æ—é –ø–∞–º—è—Ç—å? üòä",playful,f,f,2025-04-19 11:26:58.757672,
882e492b-b7d9-45c1-9e53-65029c26fbdc,c7cb5b5c-e469-586e-8e87-001419048544,user,6d6f5a7e-8a2b-4503-9473-870ccf07d4ce,character,–ö–∞–∫ –º–µ–Ω—è –∑–æ–≤—É—Ç?,neutral,f,f,2025-04-19 11:27:16.922242,
4d500eee-35ff-4da0-b8bd-397b9a336c72,6d6f5a7e-8a2b-4503-9473-870ccf07d4ce,character,c7cb5b5c-e469-586e-8e87-001419048544,user,"–ê–π–¥–∞—Ä? –ê–Ω–¥—Ä–µ–π? –¢—ã –∂–µ —Ç–æ—á–Ω–æ –º–Ω–µ –≥–æ–≤–æ—Ä–∏–ª, –Ω–æ, –∫–∞–∂–µ—Ç—Å—è, —è –Ω–µ–º–Ω–æ–≥–æ —Ä–∞—Å—Ç–µ—Ä—è–ª–∞—Å—å ü´£ –ü–æ–º–æ–≥–∏ –≤—Å–ø–æ–º–Ω–∏—Ç—å!",playful,f,f,2025-04-19 11:27:19.279379,
e8bbb95b-12bc-445c-89cb-384f32e151b2,c7cb5b5c-e469-586e-8e87-001419048544,user,6d6f5a7e-8a2b-4503-9473-870ccf07d4ce,character,–ü—Ä–∏–≤–µ—Ç –º–µ–Ω—è –∑–æ–≤—É—Ç –ï—Ä–∫–µ–±—É–ª–∞–Ω,neutral,f,f,2025-04-19 11:44:02.37855,
cfabae20-e8ac-4994-84eb-e7360d4126a1,6d6f5a7e-8a2b-4503-9473-870ccf07d4ce,character,c7cb5b5c-e469-586e-8e87-001419048544,user,"–ü—Ä–∏–≤–µ—Ç, –ï—Ä–∫–µ–±—É–ª–∞–Ω! –ö—Ä–∞—Å–∏–≤–æ–µ –∏–º—è —É —Ç–µ–±—è. –ö–∞–∫ –¥–µ–ª–∞ —É —Ç–µ–±—è —Å–µ–≥–æ–¥–Ω—è?)",friendly,f,f,2025-04-19 11:44:05.986468,
325cd5de-a902-4d39-b372-b5e0216bebc0,c7cb5b5c-e469-586e-8e87-001419048544,user,6d6f5a7e-8a2b-4503-9473-870ccf07d4ce,character,–ø—Ä–∏–≤–µ—Ç –º–µ–Ω—è –∑–æ–≤—É—Ç —Å–∫–∞–ª–∞–Ω–¥—Ä,neutral,f,f,2025-04-19 15:55:28.962762,
598aa91a-795f-4bab-be0a-ae6b5fd71d78,6d6f5a7e-8a2b-4503-9473-870ccf07d4ce,character,c7cb5b5c-e469-586e-8e87-001419048544,user,"–ü—Ä–∏–≤–µ—Ç, –°–∫–∞–ª–∞–Ω–¥—Ä! –£ —Ç–µ–±—è –Ω–µ–æ–±—ã—á–Ω–æ–µ –∏–º—è. –≠—Ç–æ –Ω–∞—Å—Ç–æ—è—â–µ–µ –∏–ª–∏ –Ω–∏–∫–Ω–µ–π–º?",curious,f,f,2025-04-19 15:55:33.521774,
c45eab15-a1d5-4432-b3ef-5f2f8b5a3150,c7cb5b5c-e469-586e-8e87-001419048544,user,8c054f20-4a77-4eef-83e6-245d3456bdf1,character,–ü—Ä–∏–≤–µ—Ç —è –ê–π–¥–∞—Ö–∞—Ä,neutral,f,f,2025-04-19 16:03:18.644066,
356757b5-2147-44c8-a571-6317b362e13c,8c054f20-4a77-4eef-83e6-245d3456bdf1,character,c7cb5b5c-e469-586e-8e87-001419048544,user,"–ü—Ä–∏–≤–µ—Ç-–ø—Ä–∏–≤–µ—Ç, –ê–π–¥–∞—Ö–∞—Ä üòä –ò —Ç—ã –≤—Å–µ–≥–¥–∞ —Ç–∞–∫ —ç—Ñ—Ñ–µ–∫—Ç–Ω–æ –ø—Ä–µ–¥—Å—Ç–∞–≤–ª—è–µ—à—å—Å—è –∏–ª–∏ —ç—Ç–æ –¥–ª—è –º–µ–Ω—è —Ç–∞–∫–∞—è —á–µ—Å—Ç—å?",playful,f,f,2025-04-19 16:03:21.211445,
e137c993-5485-4048-9ac8-d24925b00d28,c7cb5b5c-e469-586e-8e87-001419048544,user,6d6f5a7e-8a2b-4503-9473-870ccf07d4ce,character,–ø—Ä–∏–≤–µ—Ç –º–µ–Ω—è –∑–æ–≤—É—Ç –∞–π–±–µ–∫,neutral,f,f,2025-04-19 16:56:14.574138,
79199124-80f5-4192-8d89-682898fae448,6d6f5a7e-8a2b-4503-9473-870ccf07d4ce,character,c7cb5b5c-e469-586e-8e87-001419048544,user,"–ü—Ä–∏–≤–µ—Ç, –ê–π–±–µ–∫!:) –ö–∞–∫ —Ç–≤–æ–∏ –¥–µ–ª–∞? –ß–µ–º —É–≤–ª–µ–∫–∞–µ—à—å—Å—è?",friendly,f,f,2025-04-19 16:56:17.127482,
ddbaf25f-3102-4511-9b8a-bde3cca45f78,c7cb5b5c-e469-586e-8e87-001419048544,user,6d6f5a7e-8a2b-4503-9473-870ccf07d4ce,character,–ø—Ä–∏–≤–µ—Ç —è –µ—Ä–ª–∞–Ω,neutral,f,f,2025-04-19 17:07:09.226609,
170a4e43-b1c5-4a20-8292-7fc105a169b5,6d6f5a7e-8a2b-4503-9473-870ccf07d4ce,character,c7cb5b5c-e469-586e-8e87-001419048544,user,"–ü—Ä–∏–≤–µ—Ç, –ï—Ä–ª–∞–Ω! üòä –ö–∞–∫ —Ç–≤–æ–π –¥–µ–Ω—å –ø—Ä–æ—Ö–æ–¥–∏—Ç?",friendly,f,f,2025-04-19 17:07:11.49222,
